model,context_k,kv_mem_full_gb,kv_mem_sage_gb,prefill_s_full,prefill_s_sage,decode_tps_full,decode_tps_sage,speedup
llama2-7b,4,2.10,0.47,0.49,0.52,39.5,40.3,1.02
llama2-7b,8,4.19,0.95,0.98,1.04,38.7,39.4,1.02
llama2-7b,16,8.38,1.89,1.96,2.08,37.4,38.2,1.02
llama2-7b,32,16.77,3.79,3.92,4.15,35.7,54.3,1.52
llama2-7b,64,33.54,7.58,7.84,8.30,33.3,57.5,1.73
llama2-7b,128,67.07,15.16,15.68,16.61,30.2,61.0,2.02
llama2-13b,4,3.28,0.74,0.32,0.34,26.5,27.0,1.02
llama2-13b,8,6.56,1.48,0.65,0.69,25.9,26.4,1.02
llama2-13b,16,13.12,2.97,1.30,1.37,25.1,25.6,1.02
llama2-13b,32,26.24,5.93,2.59,2.74,23.9,36.3,1.52
llama2-13b,64,52.48,11.86,5.18,5.49,22.3,38.5,1.73
llama2-13b,128,104.96,23.72,10.37,10.98,20.2,40.9,2.02
