method,task,score_mean,score_std
SAGE,NarrativeQA,22.8,0.4
SAGE,Qasper,36.5,0.3
SAGE,MultiFieldQA,44.2,0.4
SAGE,HotpotQA,38.1,0.3
SAGE,2WikiMQA,31.9,0.2
SAGE,MuSiQue,21.2,0.4
SAGE,GovReport,30.6,0.3
SAGE,QMSum,23.5,0.4
SAGE,TREC,70.2,0.4
SAGE,TriviaQA,59.1,0.4
SAGE,SAMSum,45.9,0.2
TOVA,NarrativeQA,21.8,0.4
TOVA,Qasper,35.2,0.4
TOVA,MultiFieldQA,43.1,0.4
TOVA,HotpotQA,36.9,0.3
TOVA,2WikiMQA,30.4,0.4
TOVA,MuSiQue,20.3,0.4
TOVA,GovReport,29.5,0.3
TOVA,QMSum,22.8,0.3
TOVA,TREC,68.7,0.4
TOVA,TriviaQA,57.6,0.4
TOVA,SAMSum,44.5,0.2
H2O,NarrativeQA,20.9,0.3
H2O,Qasper,34.1,0.3
H2O,MultiFieldQA,42.0,0.3
H2O,HotpotQA,35.6,0.4
H2O,2WikiMQA,29.5,0.4
H2O,MuSiQue,19.4,0.3
H2O,GovReport,28.4,0.3
H2O,QMSum,22.1,0.3
H2O,TREC,66.9,0.4
H2O,TriviaQA,55.4,0.4
H2O,SAMSum,43.2,0.5
StreamingLLM,NarrativeQA,18.7,0.5
StreamingLLM,Qasper,31.5,0.5
StreamingLLM,MultiFieldQA,39.2,0.4
StreamingLLM,HotpotQA,32.8,0.4
StreamingLLM,2WikiMQA,26.9,0.3
StreamingLLM,MuSiQue,17.6,0.2
StreamingLLM,GovReport,26.3,0.4
StreamingLLM,QMSum,20.4,0.2
StreamingLLM,TREC,62.1,0.4
StreamingLLM,TriviaQA,51.2,0.3
StreamingLLM,SAMSum,41.5,0.3
