method,depth_bin,context_k,accuracy
SAGE,0-25%,8,99.6
SAGE,0-25%,16,99.7
SAGE,0-25%,32,96.8
SAGE,0-25%,64,95.2
SAGE,0-25%,128,95.5
SAGE,25-50%,8,98.7
SAGE,25-50%,16,98.9
SAGE,25-50%,32,97.2
SAGE,25-50%,64,95.4
SAGE,25-50%,128,94.1
SAGE,50-75%,8,98.0
SAGE,50-75%,16,98.1
SAGE,50-75%,32,97.8
SAGE,50-75%,64,96.3
SAGE,50-75%,128,94.2
SAGE,75-100%,8,99.7
SAGE,75-100%,16,97.7
SAGE,75-100%,32,96.4
SAGE,75-100%,64,97.0
SAGE,75-100%,128,94.5
H2O,0-25%,8,97.9
H2O,0-25%,16,95.4
H2O,0-25%,32,89.3
H2O,0-25%,64,82.3
H2O,0-25%,128,78.9
H2O,25-50%,8,97.1
H2O,25-50%,16,95.5
H2O,25-50%,32,89.7
H2O,25-50%,64,84.0
H2O,25-50%,128,77.7
H2O,50-75%,8,97.5
H2O,50-75%,16,94.9
H2O,50-75%,32,90.1
H2O,50-75%,64,83.8
H2O,50-75%,128,77.5
H2O,75-100%,8,98.1
H2O,75-100%,16,94.1
H2O,75-100%,32,89.1
H2O,75-100%,64,83.0
H2O,75-100%,128,78.3
