model,dataset,budget,method,ppl_mean,ppl_std
llama2-7b,wikitext2,0.10,SAGE,5.92,0.05
llama2-7b,wikitext2,0.10,TOVA,8.56,0.06
llama2-7b,wikitext2,0.10,FastGen,9.62,0.07
llama2-7b,wikitext2,0.10,ScissorHands,11.62,0.08
llama2-7b,wikitext2,0.10,H2O,12.99,0.10
llama2-7b,wikitext2,0.10,StreamingLLM,36.30,0.15
llama2-7b,wikitext2,0.20,SAGE,5.46,0.05
llama2-7b,wikitext2,0.20,TOVA,6.53,0.06
llama2-7b,wikitext2,0.20,FastGen,6.93,0.07
llama2-7b,wikitext2,0.20,ScissorHands,7.62,0.08
llama2-7b,wikitext2,0.20,H2O,8.09,0.10
llama2-7b,wikitext2,0.20,StreamingLLM,15.98,0.15
llama2-7b,wikitext2,0.50,SAGE,5.20,0.05
llama2-7b,wikitext2,0.50,TOVA,5.43,0.06
llama2-7b,wikitext2,0.50,FastGen,5.50,0.07
llama2-7b,wikitext2,0.50,ScissorHands,5.61,0.08
llama2-7b,wikitext2,0.50,H2O,5.68,0.10
llama2-7b,wikitext2,0.50,StreamingLLM,6.91,0.15
llama2-7b,wikitext2,1.00,SAGE,5.12,0.03
llama2-7b,wikitext2,1.00,TOVA,5.12,0.03
llama2-7b,wikitext2,1.00,FastGen,5.12,0.03
llama2-7b,wikitext2,1.00,ScissorHands,5.12,0.03
llama2-7b,wikitext2,1.00,H2O,5.12,0.03
llama2-7b,wikitext2,1.00,StreamingLLM,5.12,0.03
llama2-7b,pg19,0.10,SAGE,12.05,0.10
llama2-7b,pg19,0.10,TOVA,17.45,0.13
llama2-7b,pg19,0.10,FastGen,19.59,0.14
llama2-7b,pg19,0.10,ScissorHands,23.67,0.16
llama2-7b,pg19,0.10,H2O,26.45,0.21
llama2-7b,pg19,0.10,StreamingLLM,73.94,0.31
llama2-7b,pg19,0.20,SAGE,11.12,0.10
llama2-7b,pg19,0.20,TOVA,13.31,0.13
llama2-7b,pg19,0.20,FastGen,14.13,0.14
llama2-7b,pg19,0.20,ScissorHands,15.52,0.16
llama2-7b,pg19,0.20,H2O,16.49,0.21
llama2-7b,pg19,0.20,StreamingLLM,32.56,0.31
llama2-7b,pg19,0.50,SAGE,10.59,0.10
llama2-7b,pg19,0.50,TOVA,11.06,0.13
llama2-7b,pg19,0.50,FastGen,11.21,0.14
llama2-7b,pg19,0.50,ScissorHands,11.42,0.16
llama2-7b,pg19,0.50,H2O,11.58,0.21
llama2-7b,pg19,0.50,StreamingLLM,14.08,0.31
llama2-7b,pg19,1.00,SAGE,10.43,0.03
llama2-7b,pg19,1.00,TOVA,10.43,0.03
llama2-7b,pg19,1.00,FastGen,10.43,0.03
llama2-7b,pg19,1.00,ScissorHands,10.43,0.03
llama2-7b,pg19,1.00,H2O,10.43,0.03
llama2-7b,pg19,1.00,StreamingLLM,10.43,0.03
llama2-13b,wikitext2,0.10,SAGE,5.61,0.05
llama2-13b,wikitext2,0.10,TOVA,8.11,0.06
llama2-13b,wikitext2,0.10,FastGen,9.11,0.06
llama2-13b,wikitext2,0.10,ScissorHands,11.01,0.07
llama2-13b,wikitext2,0.10,H2O,12.30,0.10
llama2-13b,wikitext2,0.10,StreamingLLM,34.38,0.15
llama2-13b,wikitext2,0.20,SAGE,5.17,0.05
llama2-13b,wikitext2,0.20,TOVA,6.19,0.06
llama2-13b,wikitext2,0.20,FastGen,6.57,0.06
llama2-13b,wikitext2,0.20,ScissorHands,7.22,0.07
llama2-13b,wikitext2,0.20,H2O,7.67,0.10
llama2-13b,wikitext2,0.20,StreamingLLM,15.14,0.15
llama2-13b,wikitext2,0.50,SAGE,4.93,0.05
llama2-13b,wikitext2,0.50,TOVA,5.14,0.06
llama2-13b,wikitext2,0.50,FastGen,5.21,0.06
llama2-13b,wikitext2,0.50,ScissorHands,5.31,0.07
llama2-13b,wikitext2,0.50,H2O,5.38,0.10
llama2-13b,wikitext2,0.50,StreamingLLM,6.55,0.15
llama2-13b,wikitext2,1.00,SAGE,4.85,0.03
llama2-13b,wikitext2,1.00,TOVA,4.85,0.03
llama2-13b,wikitext2,1.00,FastGen,4.85,0.03
llama2-13b,wikitext2,1.00,ScissorHands,4.85,0.03
llama2-13b,wikitext2,1.00,H2O,4.85,0.03
llama2-13b,wikitext2,1.00,StreamingLLM,4.85,0.03
llama2-13b,pg19,0.10,SAGE,11.45,0.10
llama2-13b,pg19,0.10,TOVA,16.58,0.12
llama2-13b,pg19,0.10,FastGen,18.62,0.13
llama2-13b,pg19,0.10,ScissorHands,22.49,0.15
llama2-13b,pg19,0.10,H2O,25.14,0.20
llama2-13b,pg19,0.10,StreamingLLM,70.26,0.30
llama2-13b,pg19,0.20,SAGE,10.57,0.10
llama2-13b,pg19,0.20,TOVA,12.64,0.12
llama2-13b,pg19,0.20,FastGen,13.42,0.13
llama2-13b,pg19,0.20,ScissorHands,14.74,0.15
llama2-13b,pg19,0.20,H2O,15.66,0.20
llama2-13b,pg19,0.20,StreamingLLM,30.94,0.30
llama2-13b,pg19,0.50,SAGE,10.06,0.10
llama2-13b,pg19,0.50,TOVA,10.50,0.12
llama2-13b,pg19,0.50,FastGen,10.65,0.13
llama2-13b,pg19,0.50,ScissorHands,10.85,0.15
llama2-13b,pg19,0.50,H2O,11.00,0.20
llama2-13b,pg19,0.50,StreamingLLM,13.38,0.30
llama2-13b,pg19,1.00,SAGE,9.91,0.03
llama2-13b,pg19,1.00,TOVA,9.91,0.03
llama2-13b,pg19,1.00,FastGen,9.91,0.03
llama2-13b,pg19,1.00,ScissorHands,9.91,0.03
llama2-13b,pg19,1.00,H2O,9.91,0.03
llama2-13b,pg19,1.00,StreamingLLM,9.91,0.03
vicuna-13b,wikitext2,0.10,SAGE,6.09,0.05
vicuna-13b,wikitext2,0.10,TOVA,8.82,0.06
vicuna-13b,wikitext2,0.10,FastGen,9.90,0.07
vicuna-13b,wikitext2,0.10,ScissorHands,11.96,0.08
vicuna-13b,wikitext2,0.10,H2O,13.37,0.11
vicuna-13b,wikitext2,0.10,StreamingLLM,37.36,0.16
vicuna-13b,wikitext2,0.20,SAGE,5.62,0.05
vicuna-13b,wikitext2,0.20,TOVA,6.72,0.06
vicuna-13b,wikitext2,0.20,FastGen,7.14,0.07
vicuna-13b,wikitext2,0.20,ScissorHands,7.84,0.08
vicuna-13b,wikitext2,0.20,H2O,8.33,0.11
vicuna-13b,wikitext2,0.20,StreamingLLM,16.45,0.16
vicuna-13b,wikitext2,0.50,SAGE,5.35,0.05
vicuna-13b,wikitext2,0.50,TOVA,5.59,0.06
vicuna-13b,wikitext2,0.50,FastGen,5.67,0.07
vicuna-13b,wikitext2,0.50,ScissorHands,5.77,0.08
vicuna-13b,wikitext2,0.50,H2O,5.85,0.11
vicuna-13b,wikitext2,0.50,StreamingLLM,7.11,0.16
vicuna-13b,wikitext2,1.00,SAGE,5.27,0.03
vicuna-13b,wikitext2,1.00,TOVA,5.27,0.03
vicuna-13b,wikitext2,1.00,FastGen,5.27,0.03
vicuna-13b,wikitext2,1.00,ScissorHands,5.27,0.03
vicuna-13b,wikitext2,1.00,H2O,5.27,0.03
vicuna-13b,wikitext2,1.00,StreamingLLM,5.27,0.03
vicuna-13b,pg19,0.10,SAGE,12.27,0.11
vicuna-13b,pg19,0.10,TOVA,17.76,0.13
vicuna-13b,pg19,0.10,FastGen,19.95,0.14
vicuna-13b,pg19,0.10,ScissorHands,24.11,0.16
vicuna-13b,pg19,0.10,H2O,26.94,0.21
vicuna-13b,pg19,0.10,StreamingLLM,75.29,0.32
vicuna-13b,pg19,0.20,SAGE,11.33,0.11
vicuna-13b,pg19,0.20,TOVA,13.55,0.13
vicuna-13b,pg19,0.20,FastGen,14.38,0.14
vicuna-13b,pg19,0.20,ScissorHands,15.80,0.16
vicuna-13b,pg19,0.20,H2O,16.79,0.21
vicuna-13b,pg19,0.20,StreamingLLM,33.16,0.32
vicuna-13b,pg19,0.50,SAGE,10.78,0.11
vicuna-13b,pg19,0.50,TOVA,11.26,0.13
vicuna-13b,pg19,0.50,FastGen,11.42,0.14
vicuna-13b,pg19,0.50,ScissorHands,11.63,0.16
vicuna-13b,pg19,0.50,H2O,11.79,0.21
vicuna-13b,pg19,0.50,StreamingLLM,14.34,0.32
vicuna-13b,pg19,1.00,SAGE,10.62,0.03
vicuna-13b,pg19,1.00,TOVA,10.62,0.03
vicuna-13b,pg19,1.00,FastGen,10.62,0.03
vicuna-13b,pg19,1.00,ScissorHands,10.62,0.03
vicuna-13b,pg19,1.00,H2O,10.62,0.03
vicuna-13b,pg19,1.00,StreamingLLM,10.62,0.03
